STRUCTURE,STRUCTURE_ID,STRUCTURE_NAME,freq,Time frequency,unit,Unit of measure,geo,Geopolitical entity (reporting),TIME_PERIOD,Time,OBS_VALUE,Observation value,OBS_FLAG,Observation status (Flag) V2 structure,CONF_STATUS,Confidentiality status (flag)
dataflow,ESTAT:ISOC_TMO(1.0),Mobile broadband internet traffic (outside the country),A,Annual,EB,Exabyte,AL,Albania,2014,,0.000005206,,,,,
dataflow,ESTAT:ISOC_TMO(1.0),Mobile broadband internet traffic (outside the country),A,Annual,EB,Exabyte,AL,Albania,2015,,0.000018924,,,,,
dataflow,ESTAT:ISOC_TMO(1.0),Mobile broadband internet traffic (outside the country),A,Annual,EB,Exabyte,AL,Albania,2016,,0.00004089,,,,,
dataflow,ESTAT:ISOC_TMO(1.0),Mobile broadband internet traffic (outside the country),A,Annual,EB,Exabyte,AL,Albania,2017,,0.000105799,,,,,
dataflow,ESTAT:ISOC_TMO(1.0),Mobile broadband internet traffic (outside the country),A,Annual,EB,Exabyte,AL,Albania,2018,,0.000148812,,,,,
dataflow,ESTAT:ISOC_TMO(1.0),Mobile broadband internet traffic (outside the country),A,Annual,EB,Exabyte,AL,Albania,2019,,0.000274513,,,,,
dataflow,ESTAT:ISOC_TMO(1.0),Mobile broadband internet traffic (outside the country),A,Annual,EB,Exabyte,AL,Albania,2020,,0.000160876,,,,,
dataflow,ESTAT:ISOC_TMO(1.0),Mobile broadband internet traffic (outside the country),A,Annual,EB,Exabyte,AL,Albania,2022,,0.00168416,,,,,
dataflow,ESTAT:ISOC_TMO(1.0),Mobile broadband internet traffic (outside the country),A,Annual,EB,Exabyte,AL,Albania,2023,,0.00252946,,,,,
dataflow,ESTAT:ISOC_TMO(1.0),Mobile broadband internet traffic (outside the country),A,Annual,EB,Exabyte,AL,Albania,2024,,0.0034572,,,,,
dataflow,ESTAT:ISOC_TMO(1.0),Mobile broadband internet traffic (outside the country),A,Annual,EB,Exabyte,AT,Austria,2010,,0.00005609,,,,,
dataflow,ESTAT:ISOC_TMO(1.0),Mobile broadband internet traffic (outside the country),A,Annual,EB,Exabyte,AT,Austria,2011,,0.00010453,,,,,
dataflow,ESTAT:ISOC_TMO(1.0),Mobile broadband internet traffic (outside the country),A,Annual,EB,Exabyte,AT,Austria,2016,,0.001,,,,,
dataflow,ESTAT:ISOC_TMO(1.0),Mobile broadband internet traffic (outside the country),A,Annual,EB,Exabyte,AT,Austria,2017,,0.00405869,,,,,
dataflow,ESTAT:ISOC_TMO(1.0),Mobile broadband internet traffic (outside the country),A,Annual,EB,Exabyte,AT,Austria,2018,,0.01,,,,,
dataflow,ESTAT:ISOC_TMO(1.0),Mobile broadband internet traffic (outside the country),A,Annual,EB,Exabyte,AT,Austria,2019,,0.02,,,,,
dataflow,ESTAT:ISOC_TMO(1.0),Mobile broadband internet traffic (outside the country),A,Annual,EB,Exabyte,AT,Austria,2020,,0.01,,,,,
dataflow,ESTAT:ISOC_TMO(1.0),Mobile broadband internet traffic (outside the country),A,Annual,EB,Exabyte,AT,Austria,2021,,0.01,,,,,
dataflow,ESTAT:ISOC_TMO(1.0),Mobile broadband internet traffic (outside the country),A,Annual,EB,Exabyte,AT,Austria,2022,,0.01,,,,,
dataflow,ESTAT:ISOC_TMO(1.0),Mobile broadband internet traffic (outside the country),A,Annual,EB,Exabyte,AT,Austria,2023,,0.02,,,,,
dataflow,ESTAT:ISOC_TMO(1.0),Mobile broadband internet traffic (outside the country),A,Annual,EB,Exabyte,AT,Austria,2024,,0.04,,,,,
dataflow,ESTAT:ISOC_TMO(1.0),Mobile broadband internet traffic (outside the country),A,Annual,EB,Exabyte,BE,Belgium,2019,,0.02,,,,,
dataflow,ESTAT:ISOC_TMO(1.0),Mobile broadband internet traffic (outside the country),A,Annual,EB,Exabyte,BE,Belgium,2020,,0.03,,,,,
dataflow,ESTAT:ISOC_TMO(1.0),Mobile broadband internet traffic (outside the country),A,Annual,EB,Exabyte,BE,Belgium,2021,,0.04,,,,,
dataflow,ESTAT:ISOC_TMO(1.0),Mobile broadband internet traffic (outside the country),A,Annual,EB,Exabyte,BE,Belgium,2022,,0.058704,,,,,
dataflow,ESTAT:ISOC_TMO(1.0),Mobile broadband internet traffic (outside the country),A,Annual,EB,Exabyte,BE,Belgium,2023,,0.093,,,,,
dataflow,ESTAT:ISOC_TMO(1.0),Mobile broadband internet traffic (outside the country),A,Annual,EB,Exabyte,BE,Belgium,2024,,0.131,,,,,
dataflow,ESTAT:ISOC_TMO(1.0),Mobile broadband internet traffic (outside the country),A,Annual,EB,Exabyte,BG,Bulgaria,2016,,0.00024199,,,,,
dataflow,ESTAT:ISOC_TMO(1.0),Mobile broadband internet traffic (outside the country),A,Annual,EB,Exabyte,BG,Bulgaria,2017,,0.00161453,,,,,
dataflow,ESTAT:ISOC_TMO(1.0),Mobile broadband internet traffic (outside the country),A,Annual,EB,Exabyte,BG,Bulgaria,2019,,0.01,,,,,
dataflow,ESTAT:ISOC_TMO(1.0),Mobile broadband internet traffic (outside the country),A,Annual,EB,Exabyte,BG,Bulgaria,2020,,0.00725883,,,,,
dataflow,ESTAT:ISOC_TMO(1.0),Mobile broadband internet traffic (outside the country),A,Annual,EB,Exabyte,BG,Bulgaria,2021,,0.0108636,,,,,
dataflow,ESTAT:ISOC_TMO(1.0),Mobile broadband internet traffic (outside the country),A,Annual,EB,Exabyte,BG,Bulgaria,2022,,0.0157634,,,,,
dataflow,ESTAT:ISOC_TMO(1.0),Mobile broadband internet traffic (outside the country),A,Annual,EB,Exabyte,BG,Bulgaria,2023,,0.0211164,,,,,
dataflow,ESTAT:ISOC_TMO(1.0),Mobile broadband internet traffic (outside the country),A,Annual,EB,Exabyte,BG,Bulgaria,2024,,0.0320976,,,,,
dataflow,ESTAT:ISOC_TMO(1.0),Mobile broadband internet traffic (outside the country),A,Annual,EB,Exabyte,CZ,Czechia,2023,,0.044,,,,,
dataflow,ESTAT:ISOC_TMO(1.0),Mobile broadband internet traffic (outside the country),A,Annual,EB,Exabyte,CZ,Czechia,2024,,0.057,,,,,
dataflow,ESTAT:ISOC_TMO(1.0),Mobile broadband internet traffic (outside the country),A,Annual,EB,Exabyte,DE,Germany,2016,,0.01121,,,,,
dataflow,ESTAT:ISOC_TMO(1.0),Mobile broadband internet traffic (outside the country),A,Annual,EB,Exabyte,DE,Germany,2017,,0.0338,,,,,
dataflow,ESTAT:ISOC_TMO(1.0),Mobile broadband internet traffic (outside the country),A,Annual,EB,Exabyte,DE,Germany,2018,,0.07,,,,,
dataflow,ESTAT:ISOC_TMO(1.0),Mobile broadband internet traffic (outside the country),A,Annual,EB,Exabyte,DE,Germany,2019,,0.1,,,,,
dataflow,ESTAT:ISOC_TMO(1.0),Mobile broadband internet traffic (outside the country),A,Annual,EB,Exabyte,DE,Germany,2020,,0.09,,,,,
dataflow,ESTAT:ISOC_TMO(1.0),Mobile broadband internet traffic (outside the country),A,Annual,EB,Exabyte,DE,Germany,2021,,0.15,,,,,
dataflow,ESTAT:ISOC_TMO(1.0),Mobile broadband internet traffic (outside the country),A,Annual,EB,Exabyte,DE,Germany,2022,,0.26,,,,,
dataflow,ESTAT:ISOC_TMO(1.0),Mobile broadband internet traffic (outside the country),A,Annual,EB,Exabyte,DE,Germany,2023,,0.35,,,,,
dataflow,ESTAT:ISOC_TMO(1.0),Mobile broadband internet traffic (outside the country),A,Annual,EB,Exabyte,DE,Germany,2024,,0.43,,,,,
dataflow,ESTAT:ISOC_TMO(1.0),Mobile broadband internet traffic (outside the country),A,Annual,EB,Exabyte,EE,Estonia,2018,,0.00298826,,,,,
dataflow,ESTAT:ISOC_TMO(1.0),Mobile broadband internet traffic (outside the country),A,Annual,EB,Exabyte,EE,Estonia,2022,,0.685,,,,,
dataflow,ESTAT:ISOC_TMO(1.0),Mobile broadband internet traffic (outside the country),A,Annual,EB,Exabyte,EL,Greece,2016,,0.000174,,,,,
dataflow,ESTAT:ISOC_TMO(1.0),Mobile broadband internet traffic (outside the country),A,Annual,EB,Exabyte,EL,Greece,2017,,0.000695,,,,,
dataflow,ESTAT:ISOC_TMO(1.0),Mobile broadband internet traffic (outside the country),A,Annual,EB,Exabyte,EL,Greece,2018,,0.00219959,,,,,
dataflow,ESTAT:ISOC_TMO(1.0),Mobile broadband internet traffic (outside the country),A,Annual,EB,Exabyte,EL,Greece,2019,,0.00365999,,,,,
dataflow,ESTAT:ISOC_TMO(1.0),Mobile broadband internet traffic (outside the country),A,Annual,EB,Exabyte,EL,Greece,2020,,0.00271093,,,,,
dataflow,ESTAT:ISOC_TMO(1.0),Mobile broadband internet traffic (outside the country),A,Annual,EB,Exabyte,EL,Greece,2021,,0.00542911,,,,,
dataflow,ESTAT:ISOC_TMO(1.0),Mobile broadband internet traffic (outside the country),A,Annual,EB,Exabyte,EL,Greece,2022,,0.0086855,,,,,
dataflow,ESTAT:ISOC_TMO(1.0),Mobile broadband internet traffic (outside the country),A,Annual,EB,Exabyte,EL,Greece,2023,,0.0116533,,,,,
dataflow,ESTAT:ISOC_TMO(1.0),Mobile broadband internet traffic (outside the country),A,Annual,EB,Exabyte,EL,Greece,2024,,0.0167483,,,,,
dataflow,ESTAT:ISOC_TMO(1.0),Mobile broadband internet traffic (outside the country),A,Annual,EB,Exabyte,ES,Spain,2014,,0.000369731,,,,,
dataflow,ESTAT:ISOC_TMO(1.0),Mobile broadband internet traffic (outside the country),A,Annual,EB,Exabyte,ES,Spain,2016,,0.003,,,,,
dataflow,ESTAT:ISOC_TMO(1.0),Mobile broadband internet traffic (outside the country),A,Annual,EB,Exabyte,ES,Spain,2017,,0.0128484,,,,,
dataflow,ESTAT:ISOC_TMO(1.0),Mobile broadband internet traffic (outside the country),A,Annual,EB,Exabyte,ES,Spain,2018,,0.0281057,,,,,
dataflow,ESTAT:ISOC_TMO(1.0),Mobile broadband internet traffic (outside the country),A,Annual,EB,Exabyte,ES,Spain,2019,,0.0411265,,,,,
dataflow,ESTAT:ISOC_TMO(1.0),Mobile broadband internet traffic (outside the country),A,Annual,EB,Exabyte,ES,Spain,2020,,0.0320049,,,,,
dataflow,ESTAT:ISOC_TMO(1.0),Mobile broadband internet traffic (outside the country),A,Annual,EB,Exabyte,ES,Spain,2021,,0.0494611,,,,,
dataflow,ESTAT:ISOC_TMO(1.0),Mobile broadband internet traffic (outside the country),A,Annual,EB,Exabyte,ES,Spain,2022,,0.104712,,,,,
dataflow,ESTAT:ISOC_TMO(1.0),Mobile broadband internet traffic (outside the country),A,Annual,EB,Exabyte,ES,Spain,2023,,0.137923,,,,,
dataflow,ESTAT:ISOC_TMO(1.0),Mobile broadband internet traffic (outside the country),A,Annual,EB,Exabyte,ES,Spain,2024,,0.136305,,,,,
dataflow,ESTAT:ISOC_TMO(1.0),Mobile broadband internet traffic (outside the country),A,Annual,EB,Exabyte,FR,France,2016,,0.01,,,,,
dataflow,ESTAT:ISOC_TMO(1.0),Mobile broadband internet traffic (outside the country),A,Annual,EB,Exabyte,FR,France,2017,,0.038,,,,,
dataflow,ESTAT:ISOC_TMO(1.0),Mobile broadband internet traffic (outside the country),A,Annual,EB,Exabyte,FR,France,2018,,0.0791,,,,,
dataflow,ESTAT:ISOC_TMO(1.0),Mobile broadband internet traffic (outside the country),A,Annual,EB,Exabyte,FR,France,2019,,0.127,,,,,
dataflow,ESTAT:ISOC_TMO(1.0),Mobile broadband internet traffic (outside the country),A,Annual,EB,Exabyte,FR,France,2021,,0.1575,,,,,
dataflow,ESTAT:ISOC_TMO(1.0),Mobile broadband internet traffic (outside the country),A,Annual,EB,Exabyte,FR,France,2022,,0.265714,,,,,
dataflow,ESTAT:ISOC_TMO(1.0),Mobile broadband internet traffic (outside the country),A,Annual,EB,Exabyte,FR,France,2023,,0.358398,,,,,
dataflow,ESTAT:ISOC_TMO(1.0),Mobile broadband internet traffic (outside the country),A,Annual,EB,Exabyte,HR,Croatia,2021,,0.87,,,,,
dataflow,ESTAT:ISOC_TMO(1.0),Mobile broadband internet traffic (outside the country),A,Annual,EB,Exabyte,HR,Croatia,2022,,1.12,,,,,
dataflow,ESTAT:ISOC_TMO(1.0),Mobile broadband internet traffic (outside the country),A,Annual,EB,Exabyte,HU,Hungary,2016,,0.000747253,,,,,
dataflow,ESTAT:ISOC_TMO(1.0),Mobile broadband internet traffic (outside the country),A,Annual,EB,Exabyte,HU,Hungary,2017,,0.00299276,,,,,
dataflow,ESTAT:ISOC_TMO(1.0),Mobile broadband internet traffic (outside the country),A,Annual,EB,Exabyte,HU,Hungary,2018,,0.0078642,,,,,
dataflow,ESTAT:ISOC_TMO(1.0),Mobile broadband internet traffic (outside the country),A,Annual,EB,Exabyte,HU,Hungary,2019,,0.01,,,,,
dataflow,ESTAT:ISOC_TMO(1.0),Mobile broadband internet traffic (outside the country),A,Annual,EB,Exabyte,HU,Hungary,2020,,0.01,,,,,
dataflow,ESTAT:ISOC_TMO(1.0),Mobile broadband internet traffic (outside the country),A,Annual,EB,Exabyte,HU,Hungary,2021,,0.02,,,,,
dataflow,ESTAT:ISOC_TMO(1.0),Mobile broadband internet traffic (outside the country),A,Annual,EB,Exabyte,HU,Hungary,2022,,0.0304334,,,,,
dataflow,ESTAT:ISOC_TMO(1.0),Mobile broadband internet traffic (outside the country),A,Annual,EB,Exabyte,HU,Hungary,2023,,0.0458053,,,,,
dataflow,ESTAT:ISOC_TMO(1.0),Mobile broadband internet traffic (outside the country),A,Annual,EB,Exabyte,HU,Hungary,2024,,0.0613,,,,,
dataflow,ESTAT:ISOC_TMO(1.0),Mobile broadband internet traffic (outside the country),A,Annual,EB,Exabyte,IE,Ireland,2014,,0.000444,,,,,
dataflow,ESTAT:ISOC_TMO(1.0),Mobile broadband internet traffic (outside the country),A,Annual,EB,Exabyte,IE,Ireland,2016,,0.001,,,,,
dataflow,ESTAT:ISOC_TMO(1.0),Mobile broadband internet traffic (outside the country),A,Annual,EB,Exabyte,IE,Ireland,2017,,0.004,,,,,
dataflow,ESTAT:ISOC_TMO(1.0),Mobile broadband internet traffic (outside the country),A,Annual,EB,Exabyte,IE,Ireland,2018,,0.0088,,,,,
dataflow,ESTAT:ISOC_TMO(1.0),Mobile broadband internet traffic (outside the country),A,Annual,EB,Exabyte,IE,Ireland,2019,,0.01,,,,,
dataflow,ESTAT:ISOC_TMO(1.0),Mobile broadband internet traffic (outside the country),A,Annual,EB,Exabyte,IE,Ireland,2020,,0.01,,,,,
dataflow,ESTAT:ISOC_TMO(1.0),Mobile broadband internet traffic (outside the country),A,Annual,EB,Exabyte,LU,Luxembourg,2014,,0.00007,,,,,
dataflow,ESTAT:ISOC_TMO(1.0),Mobile broadband internet traffic (outside the country),A,Annual,EB,Exabyte,LU,Luxembourg,2021,,0.01,,,,,
dataflow,ESTAT:ISOC_TMO(1.0),Mobile broadband internet traffic (outside the country),A,Annual,EB,Exabyte,ME,Montenegro,2020,,0.00098037,,,,,
dataflow,ESTAT:ISOC_TMO(1.0),Mobile broadband internet traffic (outside the country),A,Annual,EB,Exabyte,ME,Montenegro,2021,,0.00134182,,,,,
dataflow,ESTAT:ISOC_TMO(1.0),Mobile broadband internet traffic (outside the country),A,Annual,EB,Exabyte,ME,Montenegro,2022,,0.00200428,,,,,
dataflow,ESTAT:ISOC_TMO(1.0),Mobile broadband internet traffic (outside the country),A,Annual,EB,Exabyte,ME,Montenegro,2024,,0.00420251,,,,,
dataflow,ESTAT:ISOC_TMO(1.0),Mobile broadband internet traffic (outside the country),A,Annual,EB,Exabyte,MK,North Macedonia,2014,,0.00000108734,,,,,
dataflow,ESTAT:ISOC_TMO(1.0),Mobile broadband internet traffic (outside the country),A,Annual,EB,Exabyte,MK,North Macedonia,2015,,0.00000140485,,,,,
dataflow,ESTAT:ISOC_TMO(1.0),Mobile broadband internet traffic (outside the country),A,Annual,EB,Exabyte,MK,North Macedonia,2016,,0.000002358,,,,,
dataflow,ESTAT:ISOC_TMO(1.0),Mobile broadband internet traffic (outside the country),A,Annual,EB,Exabyte,MK,North Macedonia,2018,,0.00001385,,,,,
dataflow,ESTAT:ISOC_TMO(1.0),Mobile broadband internet traffic (outside the country),A,Annual,EB,Exabyte,MK,North Macedonia,2019,,0.000045192,,,,,
dataflow,ESTAT:ISOC_TMO(1.0),Mobile broadband internet traffic (outside the country),A,Annual,EB,Exabyte,MK,North Macedonia,2020,,0.000041124,,,,,
dataflow,ESTAT:ISOC_TMO(1.0),Mobile broadband internet traffic (outside the country),A,Annual,EB,Exabyte,MK,North Macedonia,2021,,0.0002565,,,,,
dataflow,ESTAT:ISOC_TMO(1.0),Mobile broadband internet traffic (outside the country),A,Annual,EB,Exabyte,MK,North Macedonia,2022,,0.00113391,,,,,
dataflow,ESTAT:ISOC_TMO(1.0),Mobile broadband internet traffic (outside the country),A,Annual,EB,Exabyte,MK,North Macedonia,2023,,0.001792,,,,,
dataflow,ESTAT:ISOC_TMO(1.0),Mobile broadband internet traffic (outside the country),A,Annual,EB,Exabyte,MK,North Macedonia,2024,,0.002534,,,,,
dataflow,ESTAT:ISOC_TMO(1.0),Mobile broadband internet traffic (outside the country),A,Annual,EB,Exabyte,MT,Malta,2015,,0.0000245358,,,,,
dataflow,ESTAT:ISOC_TMO(1.0),Mobile broadband internet traffic (outside the country),A,Annual,EB,Exabyte,MT,Malta,2016,,0.0000461063,,,,,
dataflow,ESTAT:ISOC_TMO(1.0),Mobile broadband internet traffic (outside the country),A,Annual,EB,Exabyte,MT,Malta,2017,,0.000159646,,,,,
dataflow,ESTAT:ISOC_TMO(1.0),Mobile broadband internet traffic (outside the country),A,Annual,EB,Exabyte,MT,Malta,2018,,0.000357649,,,,,
dataflow,ESTAT:ISOC_TMO(1.0),Mobile broadband internet traffic (outside the country),A,Annual,EB,Exabyte,MT,Malta,2019,,0.000629927,,,,,
dataflow,ESTAT:ISOC_TMO(1.0),Mobile broadband internet traffic (outside the country),A,Annual,EB,Exabyte,MT,Malta,2020,,0.000450469,,,,,
dataflow,ESTAT:ISOC_TMO(1.0),Mobile broadband internet traffic (outside the country),A,Annual,EB,Exabyte,MT,Malta,2021,,0.00093984,,,,,
dataflow,ESTAT:ISOC_TMO(1.0),Mobile broadband internet traffic (outside the country),A,Annual,EB,Exabyte,MT,Malta,2022,,0.00209645,,,,,
dataflow,ESTAT:ISOC_TMO(1.0),Mobile broadband internet traffic (outside the country),A,Annual,EB,Exabyte,MT,Malta,2023,,0.00236998,,,,,
dataflow,ESTAT:ISOC_TMO(1.0),Mobile broadband internet traffic (outside the country),A,Annual,EB,Exabyte,NO,Norway,2010,,0.0000190735,,,,,
dataflow,ESTAT:ISOC_TMO(1.0),Mobile broadband internet traffic (outside the country),A,Annual,EB,Exabyte,NO,Norway,2011,,0.000041,,,,,
dataflow,ESTAT:ISOC_TMO(1.0),Mobile broadband internet traffic (outside the country),A,Annual,EB,Exabyte,NO,Norway,2012,,0.000096,,,,,
dataflow,ESTAT:ISOC_TMO(1.0),Mobile broadband internet traffic (outside the country),A,Annual,EB,Exabyte,NO,Norway,2013,,0.00021,,,,,
dataflow,ESTAT:ISOC_TMO(1.0),Mobile broadband internet traffic (outside the country),A,Annual,EB,Exabyte,NO,Norway,2014,,0.00047,,,,,
dataflow,ESTAT:ISOC_TMO(1.0),Mobile broadband internet traffic (outside the country),A,Annual,EB,Exabyte,NO,Norway,2015,,0.00081,,,,,
dataflow,ESTAT:ISOC_TMO(1.0),Mobile broadband internet traffic (outside the country),A,Annual,EB,Exabyte,NO,Norway,2016,,0.0034,,,,,
dataflow,ESTAT:ISOC_TMO(1.0),Mobile broadband internet traffic (outside the country),A,Annual,EB,Exabyte,NO,Norway,2017,,0.0095,,,,,
dataflow,ESTAT:ISOC_TMO(1.0),Mobile broadband internet traffic (outside the country),A,Annual,EB,Exabyte,NO,Norway,2018,,0.015,,,,,
dataflow,ESTAT:ISOC_TMO(1.0),Mobile broadband internet traffic (outside the country),A,Annual,EB,Exabyte,NO,Norway,2019,,0.019,,,,,
dataflow,ESTAT:ISOC_TMO(1.0),Mobile broadband internet traffic (outside the country),A,Annual,EB,Exabyte,NO,Norway,2021,,0.012033,,,,,
dataflow,ESTAT:ISOC_TMO(1.0),Mobile broadband internet traffic (outside the country),A,Annual,EB,Exabyte,NO,Norway,2022,,0.0355,,,,,
dataflow,ESTAT:ISOC_TMO(1.0),Mobile broadband internet traffic (outside the country),A,Annual,EB,Exabyte,PL,Poland,2018,,0.04,,,,,
dataflow,ESTAT:ISOC_TMO(1.0),Mobile broadband internet traffic (outside the country),A,Annual,EB,Exabyte,PL,Poland,2019,,0.03,,,,,
dataflow,ESTAT:ISOC_TMO(1.0),Mobile broadband internet traffic (outside the country),A,Annual,EB,Exabyte,PL,Poland,2020,,0.04,,,,,
dataflow,ESTAT:ISOC_TMO(1.0),Mobile broadband internet traffic (outside the country),A,Annual,EB,Exabyte,PL,Poland,2021,,0.06,,,,,
dataflow,ESTAT:ISOC_TMO(1.0),Mobile broadband internet traffic (outside the country),A,Annual,EB,Exabyte,PL,Poland,2022,,0.1,,,,,
dataflow,ESTAT:ISOC_TMO(1.0),Mobile broadband internet traffic (outside the country),A,Annual,EB,Exabyte,PL,Poland,2023,,0.14,,,,,
dataflow,ESTAT:ISOC_TMO(1.0),Mobile broadband internet traffic (outside the country),A,Annual,EB,Exabyte,PL,Poland,2024,,0.15,,,,,
dataflow,ESTAT:ISOC_TMO(1.0),Mobile broadband internet traffic (outside the country),A,Annual,EB,Exabyte,PT,Portugal,2010,,0.00000686,,,,,
dataflow,ESTAT:ISOC_TMO(1.0),Mobile broadband internet traffic (outside the country),A,Annual,EB,Exabyte,PT,Portugal,2011,,0.00000936,,,,,
dataflow,ESTAT:ISOC_TMO(1.0),Mobile broadband internet traffic (outside the country),A,Annual,EB,Exabyte,PT,Portugal,2012,,0.000015,,,,,
dataflow,ESTAT:ISOC_TMO(1.0),Mobile broadband internet traffic (outside the country),A,Annual,EB,Exabyte,PT,Portugal,2013,,0.0000328,,,,,
dataflow,ESTAT:ISOC_TMO(1.0),Mobile broadband internet traffic (outside the country),A,Annual,EB,Exabyte,PT,Portugal,2014,,0.000097929,,,,,
dataflow,ESTAT:ISOC_TMO(1.0),Mobile broadband internet traffic (outside the country),A,Annual,EB,Exabyte,PT,Portugal,2015,,0.0002524,,,,,
dataflow,ESTAT:ISOC_TMO(1.0),Mobile broadband internet traffic (outside the country),A,Annual,EB,Exabyte,PT,Portugal,2016,,0.000587952,,,,,
dataflow,ESTAT:ISOC_TMO(1.0),Mobile broadband internet traffic (outside the country),A,Annual,EB,Exabyte,PT,Portugal,2017,,0.00193415,,,,,
dataflow,ESTAT:ISOC_TMO(1.0),Mobile broadband internet traffic (outside the country),A,Annual,EB,Exabyte,PT,Portugal,2018,,0.01,,,,,
dataflow,ESTAT:ISOC_TMO(1.0),Mobile broadband internet traffic (outside the country),A,Annual,EB,Exabyte,PT,Portugal,2019,,0.01,,,,,
dataflow,ESTAT:ISOC_TMO(1.0),Mobile broadband internet traffic (outside the country),A,Annual,EB,Exabyte,PT,Portugal,2020,,0.01,,,,,
dataflow,ESTAT:ISOC_TMO(1.0),Mobile broadband internet traffic (outside the country),A,Annual,EB,Exabyte,PT,Portugal,2021,,0.01,,,,,
dataflow,ESTAT:ISOC_TMO(1.0),Mobile broadband internet traffic (outside the country),A,Annual,EB,Exabyte,PT,Portugal,2022,,0.02255,,,,,
dataflow,ESTAT:ISOC_TMO(1.0),Mobile broadband internet traffic (outside the country),A,Annual,EB,Exabyte,PT,Portugal,2023,,0.03375,,,,,
dataflow,ESTAT:ISOC_TMO(1.0),Mobile broadband internet traffic (outside the country),A,Annual,EB,Exabyte,PT,Portugal,2024,,0.0442172,,,,,
dataflow,ESTAT:ISOC_TMO(1.0),Mobile broadband internet traffic (outside the country),A,Annual,EB,Exabyte,RO,Romania,2011,,0.000007,,,,,
dataflow,ESTAT:ISOC_TMO(1.0),Mobile broadband internet traffic (outside the country),A,Annual,EB,Exabyte,RO,Romania,2012,,0.000014,,,,,
dataflow,ESTAT:ISOC_TMO(1.0),Mobile broadband internet traffic (outside the country),A,Annual,EB,Exabyte,RO,Romania,2013,,0.000034,,,,,
dataflow,ESTAT:ISOC_TMO(1.0),Mobile broadband internet traffic (outside the country),A,Annual,EB,Exabyte,RO,Romania,2014,,0.000202,,,,,
dataflow,ESTAT:ISOC_TMO(1.0),Mobile broadband internet traffic (outside the country),A,Annual,EB,Exabyte,RO,Romania,2015,,0.000607,,,,,
dataflow,ESTAT:ISOC_TMO(1.0),Mobile broadband internet traffic (outside the country),A,Annual,EB,Exabyte,RO,Romania,2016,,0.000967,,,,,
dataflow,ESTAT:ISOC_TMO(1.0),Mobile broadband internet traffic (outside the country),A,Annual,EB,Exabyte,RO,Romania,2017,,0.005811,,,,,
dataflow,ESTAT:ISOC_TMO(1.0),Mobile broadband internet traffic (outside the country),A,Annual,EB,Exabyte,RO,Romania,2018,,0.007877,,,,,
dataflow,ESTAT:ISOC_TMO(1.0),Mobile broadband internet traffic (outside the country),A,Annual,EB,Exabyte,RO,Romania,2019,,0.01,,,,,
dataflow,ESTAT:ISOC_TMO(1.0),Mobile broadband internet traffic (outside the country),A,Annual,EB,Exabyte,RO,Romania,2020,,0.01,,,,,
dataflow,ESTAT:ISOC_TMO(1.0),Mobile broadband internet traffic (outside the country),A,Annual,EB,Exabyte,RS,Serbia,2016,,0.0009,,,,,
dataflow,ESTAT:ISOC_TMO(1.0),Mobile broadband internet traffic (outside the country),A,Annual,EB,Exabyte,RS,Serbia,2017,,0.00233,,,,,
dataflow,ESTAT:ISOC_TMO(1.0),Mobile broadband internet traffic (outside the country),A,Annual,EB,Exabyte,RS,Serbia,2018,,0.00178,,,,,
dataflow,ESTAT:ISOC_TMO(1.0),Mobile broadband internet traffic (outside the country),A,Annual,EB,Exabyte,RS,Serbia,2019,,0.00188257,,,,,
dataflow,ESTAT:ISOC_TMO(1.0),Mobile broadband internet traffic (outside the country),A,Annual,EB,Exabyte,RS,Serbia,2020,,0.00102,,,,,
dataflow,ESTAT:ISOC_TMO(1.0),Mobile broadband internet traffic (outside the country),A,Annual,EB,Exabyte,RS,Serbia,2021,,0.00216,,,,,
dataflow,ESTAT:ISOC_TMO(1.0),Mobile broadband internet traffic (outside the country),A,Annual,EB,Exabyte,RS,Serbia,2022,,0.00339,,,,,
dataflow,ESTAT:ISOC_TMO(1.0),Mobile broadband internet traffic (outside the country),A,Annual,EB,Exabyte,RS,Serbia,2023,,0.00603,,,,,
dataflow,ESTAT:ISOC_TMO(1.0),Mobile broadband internet traffic (outside the country),A,Annual,EB,Exabyte,RS,Serbia,2024,,0.00708,,,,,
dataflow,ESTAT:ISOC_TMO(1.0),Mobile broadband internet traffic (outside the country),A,Annual,EB,Exabyte,SI,Slovenia,2019,,0.01,,,,,
dataflow,ESTAT:ISOC_TMO(1.0),Mobile broadband internet traffic (outside the country),A,Annual,EB,Exabyte,SI,Slovenia,2020,,0.01,,,,,
dataflow,ESTAT:ISOC_TMO(1.0),Mobile broadband internet traffic (outside the country),A,Annual,EB,Exabyte,SI,Slovenia,2021,,0.01,,,,,
dataflow,ESTAT:ISOC_TMO(1.0),Mobile broadband internet traffic (outside the country),A,Annual,EB,Exabyte,SI,Slovenia,2022,,0.014,,,,,
dataflow,ESTAT:ISOC_TMO(1.0),Mobile broadband internet traffic (outside the country),A,Annual,EB,Exabyte,SI,Slovenia,2023,,0.015,,,,,
dataflow,ESTAT:ISOC_TMO(1.0),Mobile broadband internet traffic (outside the country),A,Annual,EB,Exabyte,SI,Slovenia,2024,,0.014,,,,,
dataflow,ESTAT:ISOC_TMO(1.0),Mobile broadband internet traffic (outside the country),A,Annual,EB,Exabyte,TR,Türkiye,2014,,0.09,,,,,
